run_id,generation,mutation_scalar,use_ecm,mean_fitness,max_fitness,n_full_fit
0,0,1,1,0.23756,0.29167,0
0,1,1,1,0.24919,0.3,0
0,2,1,1,0.27422,0.32768,0
0,3,1,1,0.28844,0.32768,0
0,4,1,1,0.30318,0.37013,0
0,5,1,1,0.31871,0.37013,0
0,6,1,1,0.32952,0.37807,0
0,7,1,1,0.34307,0.386,0
0,8,1,1,0.36359,0.386,0
0,9,1,1,0.37578,0.4,0
0,10,1,1,0.38323,0.40188,0
0,11,1,1,0.38943,0.40981,0
0,12,1,1,0.3964,0.41775,0
0,13,1,1,0.40282,0.42569,0
0,14,1,1,0.40658,0.42569,0
0,15,1,1,0.41273,0.42569,0
0,16,1,1,0.41935,0.45527,0
0,17,1,1,0.42476,0.45527,0
0,18,1,1,0.42963,0.4632,0
0,19,1,1,0.43901,0.4632,0
0,20,1,1,0.44857,0.4632,0
0,21,1,1,0.45519,0.4632,0
0,22,1,1,0.45793,0.47114,0
0,23,1,1,0.46354,0.47908,0
0,24,1,1,0.46479,0.47908,0
0,25,1,1,0.46925,0.48701,0
0,26,1,1,0.47235,0.48701,0
0,27,1,1,0.47601,0.48701,0
0,28,1,1,0.48003,0.50289,0
0,29,1,1,0.48273,0.51082,0
0,30,1,1,0.48759,0.51082,0
0,31,1,1,0.48959,0.51082,0
0,32,1,1,0.49778,0.5404,0
0,33,1,1,0.50581,0.54834,0
0,34,1,1,0.51445,0.54834,0
0,35,1,1,0.52709,0.55628,0
0,36,1,1,0.54463,0.56421,0
0,37,1,1,0.54924,0.56421,0
0,38,1,1,0.5519,0.56421,0
0,39,1,1,0.55685,0.56421,0
0,40,1,1,0.55875,0.57215,0
0,41,1,1,0.56428,0.57215,0
0,42,1,1,0.56457,0.57215,0
0,43,1,1,0.56568,0.58009,0
0,44,1,1,0.5699,0.58009,0
0,45,1,1,0.57247,0.58802,0
0,46,1,1,0.57332,0.58802,0
0,47,1,1,0.57631,0.58802,0
0,48,1,1,0.58042,0.59596,0
0,49,1,1,0.58137,0.59596,0
0,50,1,1,0.58463,0.59596,0
0,51,1,1,0.58849,0.6039,0
0,52,1,1,0.58988,0.6039,0
0,53,1,1,0.59463,0.6039,0
0,54,1,1,0.59641,0.64935,0
0,55,1,1,0.59797,0.64935,0
0,56,1,1,0.60373,0.66522,0
0,57,1,1,0.61338,0.66522,0
0,58,1,1,0.63958,0.66522,0
0,59,1,1,0.64848,0.66522,0
0,60,1,1,0.6519,0.71068,0
0,61,1,1,0.6587,0.71068,0
0,62,1,1,0.66207,0.71068,0
0,63,1,1,0.66835,0.71068,0
0,64,1,1,0.67734,0.71861,0
0,65,1,1,0.70784,0.71861,0
0,66,1,1,0.71093,0.71861,0
0,67,1,1,0.71165,0.71861,0
0,68,1,1,0.71401,0.71861,0
0,69,1,1,0.71863,0.72655,0
0,70,1,1,0.7187,0.72655,0
0,71,1,1,0.71891,0.72655,0
0,72,1,1,0.71967,0.75613,0
0,73,1,1,0.72204,0.75613,0
0,74,1,1,0.72704,0.75613,0
0,75,1,1,0.72825,0.75613,0
0,76,1,1,0.73216,0.75613,0
0,77,1,1,0.74776,0.75613,0
0,78,1,1,0.75614,0.76407,0
0,79,1,1,0.75615,0.76407,0
0,80,1,1,0.7562,0.76407,0
0,81,1,1,0.75632,0.76407,0
0,82,1,1,0.75659,0.76407,0
0,83,1,1,0.75733,0.76407,0
0,84,1,1,0.75974,0.76407,0
0,85,1,1,0.76409,0.77201,0
0,86,1,1,0.76414,0.77201,0
0,87,1,1,0.76432,0.77201,0
0,88,1,1,0.76492,0.77201,0
0,89,1,1,0.7667,0.77201,0
0,90,1,1,0.77203,0.77994,0
0,91,1,1,0.77221,0.77994,0
0,92,1,1,0.7727,0.77994,0
0,93,1,1,0.77424,0.77994,0
0,94,1,1,0.77892,0.78788,0
0,95,1,1,0.78004,0.78788,0
0,96,1,1,0.78039,0.78788,0
0,97,1,1,0.78146,0.78788,0
0,98,1,1,0.78497,0.79582,0
0,99,1,1,0.78799,0.79582,0
1,0,1,1,0.23886,0.28333,0
1,1,1,1,0.24918,0.31282,0
1,2,1,1,0.27539,0.325,0
1,3,1,1,0.29296,0.325,0
1,4,1,1,0.30816,0.35,0
1,5,1,1,0.32029,0.35833,0
1,6,1,1,0.32936,0.35833,0
1,7,1,1,0.33845,0.35833,0
1,8,1,1,0.34846,0.38294,0
1,9,1,1,0.35543,0.39087,0
1,10,1,1,0.36143,0.39087,0
1,11,1,1,0.37021,0.39394,0
1,12,1,1,0.38152,0.40981,0
1,13,1,1,0.39079,0.41775,0
1,14,1,1,0.39696,0.41775,0
1,15,1,1,0.40394,0.41775,0
1,16,1,1,0.4105,0.41775,0
1,17,1,1,0.41321,0.42569,0
1,18,1,1,0.41814,0.43362,0
1,19,1,1,0.41979,0.43362,0
1,20,1,1,0.426,0.44156,0
1,21,1,1,0.42727,0.44156,0
1,22,1,1,0.43217,0.44156,0
1,23,1,1,0.43492,0.44949,0
1,24,1,1,0.43934,0.45527,0
1,25,1,1,0.44271,0.45743,0
1,26,1,1,0.44631,0.46537,0
1,27,1,1,0.45113,0.47114,0
1,28,1,1,0.45579,0.47114,0
1,29,1,1,0.4597,0.47114,0
1,30,1,1,0.46486,0.50289,0
1,31,1,1,0.46812,0.50289,0
1,32,1,1,0.47299,0.50289,0
1,33,1,1,0.47918,0.50289,0
1,34,1,1,0.4883,0.51876,0
1,35,1,1,0.49996,0.5267,0
1,36,1,1,0.50435,0.53247,0
1,37,1,1,0.50928,0.53247,0
1,38,1,1,0.51478,0.53463,0
1,39,1,1,0.52204,0.5404,0
1,40,1,1,0.52942,0.54834,0
1,41,1,1,0.53461,0.59596,0
1,42,1,1,0.54029,0.59596,0
1,43,1,1,0.54364,0.60173,0
1,44,1,1,0.55098,0.60173,0
1,45,1,1,0.55963,0.60173,0
1,46,1,1,0.58194,0.60967,0
1,47,1,1,0.59466,0.63348,0
1,48,1,1,0.6015,0.63348,0
1,49,1,1,0.60372,0.63348,0
1,50,1,1,0.60898,0.64141,0
1,51,1,1,0.61503,0.64141,0
1,52,1,1,0.62658,0.64141,0
1,53,1,1,0.63505,0.64935,0
1,54,1,1,0.6398,0.65729,0
1,55,1,1,0.6424,0.65729,0
1,56,1,1,0.64497,0.65729,0
1,57,1,1,0.64999,0.65729,0
1,58,1,1,0.65194,0.66522,0
1,59,1,1,0.65748,0.66522,0
1,60,1,1,0.65829,0.66522,0
1,61,1,1,0.66076,0.67316,0
1,62,1,1,0.66541,0.67316,0
1,63,1,1,0.66603,0.67316,0
1,64,1,1,0.66797,0.72655,0
1,65,1,1,0.67342,0.72655,0
1,66,1,1,0.67433,0.72655,0
1,67,1,1,0.67806,0.73449,0
1,68,1,1,0.69311,0.73449,0
1,69,1,1,0.72359,0.74242,0
1,70,1,1,0.72824,0.74242,0
1,71,1,1,0.73282,0.74242,0
1,72,1,1,0.73569,0.74242,0
1,73,1,1,0.73887,0.75036,0
1,74,1,1,0.74258,0.75036,0
1,75,1,1,0.74295,0.75036,0
1,76,1,1,0.74428,0.7583,0
1,77,1,1,0.74872,0.7583,0
1,78,1,1,0.7507,0.7583,0
1,79,1,1,0.75151,0.7583,0
1,80,1,1,0.75428,0.76623,0
1,81,1,1,0.75842,0.76623,0
1,82,1,1,0.75874,0.76623,0
1,83,1,1,0.7597,0.76623,0
1,84,1,1,0.7629,0.77417,0
1,85,1,1,0.7663,0.77417,0
1,86,1,1,0.76641,0.77417,0
1,87,1,1,0.7668,0.77417,0
1,88,1,1,0.76812,0.77417,0
1,89,1,1,0.77186,0.78211,0
1,90,1,1,0.77424,0.78211,0
1,91,1,1,0.77443,0.78211,0
1,92,1,1,0.77492,0.78211,0
1,93,1,1,0.77639,0.79004,0
1,94,1,1,0.78104,0.79004,0
1,95,1,1,0.7824,0.79004,0
1,96,1,1,0.78301,0.79004,0
1,97,1,1,0.78477,0.79798,0
1,98,1,1,0.78972,0.79798,0
1,99,1,1,0.79013,0.79798,0
2,0,1,1,0.23801,0.29538,0
2,1,1,1,0.2483,0.30205,0
2,2,1,1,0.27433,0.31282,0
2,3,1,1,0.29339,0.32051,0
2,4,1,1,0.30414,0.325,0
2,5,1,1,0.31413,0.34051,0
2,6,1,1,0.32285,0.35232,0
2,7,1,1,0.33134,0.35507,0
2,8,1,1,0.34066,0.37013,0
2,9,1,1,0.34905,0.39479,0
2,10,1,1,0.35654,0.39479,0
2,11,1,1,0.36602,0.40188,0
2,12,1,1,0.37724,0.40188,0
2,13,1,1,0.39043,0.40188,0
2,14,1,1,0.39647,0.40981,0
2,15,1,1,0.40205,0.4305,0
2,16,1,1,0.40428,0.4305,0
2,17,1,1,0.41082,0.43362,0
2,18,1,1,0.41646,0.43726,0
2,19,1,1,0.42501,0.45753,0
2,20,1,1,0.4318,0.45753,0
2,21,1,1,0.43703,0.46429,0
2,22,1,1,0.44206,0.46429,0
2,23,1,1,0.45084,0.46429,0
2,24,1,1,0.45811,0.47104,0
2,25,1,1,0.46023,0.47104,0
2,26,1,1,0.4647,0.4778,0
2,27,1,1,0.46624,0.4778,0
2,28,1,1,0.47125,0.4778,0
2,29,1,1,0.47214,0.48456,0
2,30,1,1,0.47515,0.48456,0
2,31,1,1,0.47815,0.48456,0
2,32,1,1,0.47926,0.49131,0
2,33,1,1,0.48342,0.49807,0
2,34,1,1,0.48549,0.49807,0
2,35,1,1,0.48767,0.50483,0
2,36,1,1,0.4919,0.54054,0
2,37,1,1,0.49378,0.54054,0
2,38,1,1,0.5001,0.5473,0
2,39,1,1,0.50717,0.5473,0
2,40,1,1,0.53284,0.55405,0
2,41,1,1,0.54145,0.55405,0
2,42,1,1,0.54365,0.55405,0
2,43,1,1,0.54769,0.56081,0
2,44,1,1,0.5488,0.56081,0
2,45,1,1,0.55211,0.56081,0
2,46,1,1,0.55446,0.56081,0
2,47,1,1,0.55549,0.56757,0
2,48,1,1,0.5587,0.56757,0
2,49,1,1,0.56117,0.57432,0
2,50,1,1,0.56237,0.57432,0
2,51,1,1,0.56593,0.57432,0
2,52,1,1,0.56855,0.57432,0
2,53,1,1,0.57104,0.58784,0
2,54,1,1,0.57466,0.58784,0
2,55,1,1,0.57566,0.59459,0
2,56,1,1,0.57857,0.59459,0
2,57,1,1,0.58184,0.59459,0
2,58,1,1,0.5838,0.59459,0
2,59,1,1,0.58838,0.60135,0
2,60,1,1,0.58972,0.60135,0
2,61,1,1,0.59401,0.60811,0
2,62,1,1,0.59541,0.61486,0
2,63,1,1,0.59718,0.63707,0
2,64,1,1,0.602,0.63707,0
2,65,1,1,0.60364,0.63707,0
2,66,1,1,0.60881,0.65058,0
2,67,1,1,0.61619,0.65058,0
2,68,1,1,0.63036,0.68629,0
2,69,1,1,0.63704,0.68629,0
2,70,1,1,0.64204,0.68629,0
2,71,1,1,0.64895,0.69305,0
2,72,1,1,0.65851,0.69305,0
2,73,1,1,0.67789,0.69305,0
2,74,1,1,0.68586,0.69305,0
2,75,1,1,0.68749,0.69981,0
2,76,1,1,0.68977,0.69981,0
2,77,1,1,0.69324,0.69981,0
2,78,1,1,0.69377,0.70656,0
2,79,1,1,0.69502,0.70656,0
2,80,1,1,0.6988,0.70656,0
2,81,1,1,0.70034,0.70656,0
2,82,1,1,0.70144,0.71332,0
2,83,1,1,0.70445,0.71332,0
2,84,1,1,0.70694,0.74903,0
2,85,1,1,0.70759,0.74903,0
2,86,1,1,0.7095,0.74903,0
2,87,1,1,0.71455,0.74903,0
2,88,1,1,0.71767,0.74903,0
2,89,1,1,0.72818,0.75579,0
2,90,1,1,0.74626,0.75579,0
2,91,1,1,0.74956,0.75579,0
2,92,1,1,0.75061,0.76255,0
2,93,1,1,0.75364,0.76255,0
2,94,1,1,0.75603,0.76255,0
2,95,1,1,0.75659,0.76931,0
2,96,1,1,0.75796,0.76931,0
2,97,1,1,0.76168,0.76931,0
2,98,1,1,0.76283,0.76931,0
2,99,1,1,0.76333,0.76931,0
3,0,1,1,0.23754,0.28333,0
3,1,1,1,0.24694,0.31282,0
3,2,1,1,0.2721,0.31674,0
3,3,1,1,0.29068,0.32174,0
3,4,1,1,0.30927,0.34051,0
3,5,1,1,0.31959,0.34051,0
3,6,1,1,0.32704,0.36219,0
3,7,1,1,0.33546,0.37681,0
3,8,1,1,0.34585,0.37807,0
3,9,1,1,0.36029,0.38406,0
3,10,1,1,0.37047,0.386,0
3,11,1,1,0.37879,0.4029,0
3,12,1,1,0.38539,0.42352,0
3,13,1,1,0.39266,0.42464,0
3,14,1,1,0.40201,0.44733,0
3,15,1,1,0.4108,0.44733,0
3,16,1,1,0.42232,0.46898,0
3,17,1,1,0.43137,0.47691,0
3,18,1,1,0.44378,0.48485,0
3,19,1,1,0.45288,0.48696,0
3,20,1,1,0.46454,0.49278,0
3,21,1,1,0.47434,0.50072,0
3,22,1,1,0.48347,0.50145,0
3,23,1,1,0.48828,0.50866,0
3,24,1,1,0.49428,0.50866,0
3,25,1,1,0.499,0.51594,0
3,26,1,1,0.50262,0.51659,0
3,27,1,1,0.50722,0.52453,0
3,28,1,1,0.51006,0.52453,0
3,29,1,1,0.51382,0.52453,0
3,30,1,1,0.51767,0.53247,0
3,31,1,1,0.52067,0.58586,0
3,32,1,1,0.52551,0.58586,0
3,33,1,1,0.52825,0.58586,0
3,34,1,1,0.53725,0.5938,0
3,35,1,1,0.55325,0.5938,0
3,36,1,1,0.58217,0.60173,0
3,37,1,1,0.58733,0.60173,0
3,38,1,1,0.5913,0.60173,0
3,39,1,1,0.59484,0.64719,0
3,40,1,1,0.59774,0.64719,0
3,41,1,1,0.60288,0.64719,0
3,42,1,1,0.60642,0.65512,0
3,43,1,1,0.62125,0.65512,0
3,44,1,1,0.64554,0.65512,0
3,45,1,1,0.64799,0.66306,0
3,46,1,1,0.65008,0.671,0
3,47,1,1,0.6554,0.671,0
3,48,1,1,0.65619,0.671,0
3,49,1,1,0.65868,0.671,0
3,50,1,1,0.66339,0.671,0
3,51,1,1,0.66427,0.671,0
3,52,1,1,0.66715,0.67893,0
3,53,1,1,0.67119,0.68687,0
3,54,1,1,0.67178,0.68687,0
3,55,1,1,0.67365,0.68687,0
3,56,1,1,0.67939,0.68687,0
3,57,1,1,0.68049,0.68687,0
3,58,1,1,0.68399,0.68687,0
3,59,1,1,0.68688,0.69481,0
3,60,1,1,0.68689,0.69481,0
3,61,1,1,0.68693,0.69481,0
3,62,1,1,0.68711,0.69481,0
3,63,1,1,0.68752,0.69481,0
3,64,1,1,0.68888,0.69481,0
3,65,1,1,0.693,0.69481,0
3,66,1,1,0.69481,0.69481,0
4,0,1,1,0.23917,0.30513,0
4,1,1,1,0.24873,0.31282,0
4,2,1,1,0.27575,0.31674,0
4,3,1,1,0.29666,0.32468,0
4,4,1,1,0.31103,0.34718,0
4,5,1,1,0.32008,0.34718,0
4,6,1,1,0.3284,0.36219,0
4,7,1,1,0.33765,0.37807,0
4,8,1,1,0.34841,0.386,0
4,9,1,1,0.35992,0.39394,0
4,10,1,1,0.37246,0.40188,0
4,11,1,1,0.38104,0.40981,0
4,12,1,1,0.38876,0.40981,0
4,13,1,1,0.39594,0.41775,0
4,14,1,1,0.40322,0.41775,0
4,15,1,1,0.40896,0.42569,0
4,16,1,1,0.41276,0.43362,0
4,17,1,1,0.41881,0.43362,0
4,18,1,1,0.42294,0.44156,0
4,19,1,1,0.42778,0.44949,0
4,20,1,1,0.43414,0.44949,0
4,21,1,1,0.43642,0.47908,0
4,22,1,1,0.44265,0.48701,0
4,23,1,1,0.4463,0.48701,0
4,24,1,1,0.4518,0.48701,0
4,25,1,1,0.4596,0.48701,0
4,26,1,1,0.47873,0.49495,0
4,27,1,1,0.48705,0.50289,0
4,28,1,1,0.48855,0.50289,0
4,29,1,1,0.49351,0.51082,0
4,30,1,1,0.49747,0.51082,0
4,31,1,1,0.50331,0.52183,0
4,32,1,1,0.50499,0.56421,0
4,33,1,1,0.51132,0.56421,0
4,34,1,1,0.51412,0.57215,0
4,35,1,1,0.52568,0.58009,0
4,36,1,1,0.54633,0.58009,0
4,37,1,1,0.56219,0.58009,0
4,38,1,1,0.56964,0.58802,0
4,39,1,1,0.57472,0.58802,0
4,40,1,1,0.58049,0.58802,0
4,41,1,1,0.58187,0.59596,0
4,42,1,1,0.58652,0.59596,0
4,43,1,1,0.58864,0.6039,0
4,44,1,1,0.59042,0.6039,0
4,45,1,1,0.5962,0.6039,0
4,46,1,1,0.59682,0.61183,0
4,47,1,1,0.59885,0.61183,0
4,48,1,1,0.60425,0.61183,0
4,49,1,1,0.60519,0.61977,0
4,50,1,1,0.60828,0.61977,0
4,51,1,1,0.61219,0.62771,0
4,52,1,1,0.61315,0.62771,0
4,53,1,1,0.61626,0.62771,0
4,54,1,1,0.6204,0.63564,0
4,55,1,1,0.62192,0.63564,0
4,56,1,1,0.62765,0.64358,0
4,57,1,1,0.62886,0.64358,0
4,58,1,1,0.63178,0.64358,0
4,59,1,1,0.63612,0.64358,0
4,60,1,1,0.63759,0.65152,0
4,61,1,1,0.6426,0.65152,0
4,62,1,1,0.64398,0.65152,0
4,63,1,1,0.64525,0.65945,0
4,64,1,1,0.65001,0.65945,0
4,65,1,1,0.65178,0.65945,0
4,66,1,1,0.65241,0.65945,0
4,67,1,1,0.65431,0.65945,0
4,68,1,1,0.65947,0.66739,0
4,69,1,1,0.65962,0.66739,0
4,70,1,1,0.65997,0.66739,0
4,71,1,1,0.66125,0.67532,0
4,72,1,1,0.6648,0.67532,0
4,73,1,1,0.66757,0.67532,0
4,74,1,1,0.66814,0.67532,0
4,75,1,1,0.66981,0.72872,0
4,76,1,1,0.67534,0.73665,0
4,77,1,1,0.67673,0.73665,0
4,78,1,1,0.68186,0.73665,0
4,79,1,1,0.70159,0.73665,0
4,80,1,1,0.72814,0.74459,0
4,81,1,1,0.73501,0.74459,0
4,82,1,1,0.73712,0.74459,0
4,83,1,1,0.73846,0.74459,0
4,84,1,1,0.74272,0.74459,0
4,85,1,1,0.7447,0.77417,0
4,86,1,1,0.74514,0.78211,0
4,87,1,1,0.74679,0.78211,0
4,88,1,1,0.75322,0.78211,0
4,89,1,1,0.76828,0.78211,0
4,90,1,1,0.77808,0.78211,0
4,91,1,1,0.78213,0.79004,0
4,92,1,1,0.78219,0.79004,0
4,93,1,1,0.78238,0.79004,0
4,94,1,1,0.78292,0.79004,0
4,95,1,1,0.78466,0.79798,0
4,96,1,1,0.79007,0.79798,0
4,97,1,1,0.79019,0.79798,0
4,98,1,1,0.79064,0.79798,0
4,99,1,1,0.79191,0.79798,0
5,0,1,1,0.23904,0.29167,0
5,1,1,1,0.24932,0.2974,0
5,2,1,1,0.2757,0.31282,0
5,3,1,1,0.29087,0.3359,0
5,4,1,1,0.30234,0.3359,0
5,5,1,1,0.31457,0.34359,0
5,6,1,1,0.32737,0.35128,0
5,7,1,1,0.33775,0.375,0
5,8,1,1,0.34485,0.375,0
5,9,1,1,0.35174,0.40064,0
5,10,1,1,0.35783,0.40064,0
5,11,1,1,0.36754,0.42372,0
5,12,1,1,0.38154,0.42372,0
5,13,1,1,0.40058,0.425,0
5,14,1,1,0.4083,0.43141,0
5,15,1,1,0.41932,0.43141,0
5,16,1,1,0.42452,0.4391,0
5,17,1,1,0.42823,0.4391,0
5,18,1,1,0.43242,0.44679,0
5,19,1,1,0.43633,0.44679,0
5,20,1,1,0.44023,0.45449,0
5,21,1,1,0.44425,0.45449,0
5,22,1,1,0.44768,0.45833,0
5,23,1,1,0.45085,0.46667,0
5,24,1,1,0.455,0.46667,0
5,25,1,1,0.45666,0.46987,0
5,26,1,1,0.4619,0.51154,0
5,27,1,1,0.46418,0.51154,0
5,28,1,1,0.4692,0.51154,0
5,29,1,1,0.47646,0.51154,0
5,30,1,1,0.49517,0.525,0
5,31,1,1,0.5113,0.525,0
5,32,1,1,0.51235,0.52692,0
5,33,1,1,0.51502,0.52692,0
5,34,1,1,0.52001,0.53333,0
5,35,1,1,0.52215,0.54167,0
5,36,1,1,0.52694,0.54167,0
5,37,1,1,0.52909,0.56667,0
5,38,1,1,0.53393,0.56667,0
5,39,1,1,0.5356,0.59167,0
5,40,1,1,0.54002,0.59167,0
5,41,1,1,0.54773,0.59167,0
5,42,1,1,0.56392,0.59167,0
5,43,1,1,0.57601,0.6,0
5,44,1,1,0.5873,0.6,0
5,45,1,1,0.5922,0.60833,0
5,46,1,1,0.5935,0.60833,0
5,47,1,1,0.59728,0.60833,0
5,48,1,1,0.60058,0.63333,0
5,49,1,1,0.6018,0.63333,0
5,50,1,1,0.60586,0.64167,0
5,51,1,1,0.61028,0.64167,0
5,52,1,1,0.61478,0.64167,0
5,53,1,1,0.62563,0.66667,0
5,54,1,1,0.63399,0.66667,0
5,55,1,1,0.63551,0.66667,0
5,56,1,1,0.6393,0.675,0
5,57,1,1,0.64502,0.675,0
5,58,1,1,0.65232,0.675,0
5,59,1,1,0.66381,0.68333,0
5,60,1,1,0.66765,0.68333,0
5,61,1,1,0.66932,0.68333,0
5,62,1,1,0.67362,0.68333,0
5,63,1,1,0.67572,0.70833,0
5,64,1,1,0.67692,0.70833,0
5,65,1,1,0.6803,0.73333,0
5,66,1,1,0.68493,0.73333,0
5,67,1,1,0.68817,0.73333,0
5,68,1,1,0.69679,0.73333,0
5,69,1,1,0.70685,0.73333,0
5,70,1,1,0.71253,0.74167,0
5,71,1,1,0.71973,0.74167,0
5,72,1,1,0.7282,0.74167,0
5,73,1,1,0.73289,0.74167,0
5,74,1,1,0.7338,0.74167,0
5,75,1,1,0.73443,0.74167,0
5,76,1,1,0.73623,0.75,0
5,77,1,1,0.74027,0.75,0
5,78,1,1,0.74192,0.75833,0
5,79,1,1,0.74256,0.75833,0
5,80,1,1,0.74396,0.75833,0
5,81,1,1,0.74689,0.75833,0
5,82,1,1,0.75052,0.75833,0
5,83,1,1,0.7513,0.76667,0
5,84,1,1,0.75302,0.76667,0
5,85,1,1,0.75727,0.80833,0
5,86,1,1,0.75897,0.80833,0
5,87,1,1,0.75993,0.80833,0
5,88,1,1,0.76221,0.81667,0
5,89,1,1,0.7678,0.81667,0
5,90,1,1,0.77259,0.81667,0
5,91,1,1,0.78356,0.81667,0
5,92,1,1,0.80132,0.81667,0
5,93,1,1,0.80711,0.81667,0
5,94,1,1,0.80949,0.81667,0
5,95,1,1,0.81098,0.825,0
5,96,1,1,0.81438,0.825,0
5,97,1,1,0.81678,0.825,0
5,98,1,1,0.81698,0.825,0
5,99,1,1,0.81736,0.825,0
6,0,1,1,0.24016,0.28333,0
6,1,1,1,0.24834,0.30513,0
6,2,1,1,0.275,0.32051,0
6,3,1,1,0.29158,0.325,0
6,4,1,1,0.30555,0.34055,0
6,5,1,1,0.31802,0.35128,0
6,6,1,1,0.32869,0.35128,0
6,7,1,1,0.33857,0.35128,0
6,8,1,1,0.34676,0.39394,0
6,9,1,1,0.35346,0.39394,0
6,10,1,1,0.36186,0.39394,0
6,11,1,1,0.37828,0.40981,0
6,12,1,1,0.39376,0.41775,0
6,13,1,1,0.40031,0.41775,0
6,14,1,1,0.40524,0.41775,0
6,15,1,1,0.41095,0.42569,0
6,16,1,1,0.41556,0.42569,0
6,17,1,1,0.41949,0.43362,0
6,18,1,1,0.42588,0.43362,0
6,19,1,1,0.42823,0.48701,0
6,20,1,1,0.43423,0.48701,0
6,21,1,1,0.43697,0.48701,0
6,22,1,1,0.44794,0.49495,0
6,23,1,1,0.47209,0.49495,0
6,24,1,1,0.48763,0.49495,0
6,25,1,1,0.491,0.50289,0
6,26,1,1,0.49582,0.51082,0
6,27,1,1,0.49884,0.51082,0
6,28,1,1,0.50336,0.51082,0
6,29,1,1,0.50531,0.5267,0
6,30,1,1,0.51109,0.5267,0
6,31,1,1,0.5122,0.56421,0
6,32,1,1,0.51661,0.56421,0
6,33,1,1,0.52225,0.56421,0
6,34,1,1,0.53144,0.56421,0
6,35,1,1,0.54907,0.57215,0
6,36,1,1,0.56434,0.58009,0
6,37,1,1,0.56494,0.58009,0
6,38,1,1,0.56713,0.58009,0
6,39,1,1,0.57262,0.58009,0
6,40,1,1,0.574,0.58802,0
6,41,1,1,0.57917,0.58802,0
6,42,1,1,0.5807,0.59596,0
6,43,1,1,0.58243,0.59596,0
6,44,1,1,0.58849,0.6039,0
6,45,1,1,0.58987,0.61183,0
6,46,1,1,0.5959,0.61183,0
6,47,1,1,0.59767,0.61183,0
6,48,1,1,0.60342,0.61183,0
6,49,1,1,0.60471,0.61977,0
6,50,1,1,0.60722,0.61977,0
6,51,1,1,0.61215,0.61977,0
6,52,1,1,0.61321,0.62771,0
6,53,1,1,0.61734,0.62771,0
6,54,1,1,0.6202,0.63564,0
6,55,1,1,0.6215,0.67316,0
6,56,1,1,0.62625,0.6811,0
6,57,1,1,0.63075,0.68903,0
6,58,1,1,0.6403,0.68903,0
6,59,1,1,0.66374,0.68903,0
6,60,1,1,0.67717,0.69697,0
6,61,1,1,0.68553,0.69697,0
6,62,1,1,0.68937,0.69697,0
6,63,1,1,0.69045,0.70491,0
6,64,1,1,0.69456,0.70491,0
6,65,1,1,0.6974,0.70491,0
6,66,1,1,0.69884,0.7583,0
6,67,1,1,0.70356,0.7583,0
6,68,1,1,0.70837,0.7583,0
6,69,1,1,0.71932,0.7583,0
6,70,1,1,0.7456,0.76623,0
6,71,1,1,0.75768,0.76623,0
6,72,1,1,0.75859,0.76623,0
6,73,1,1,0.75929,0.76623,0
6,74,1,1,0.76176,0.77417,0
6,75,1,1,0.76637,0.77417,0
6,76,1,1,0.76689,0.77417,0
6,77,1,1,0.76838,0.78211,0
6,78,1,1,0.77334,0.78211,0
6,79,1,1,0.77462,0.78211,0
6,80,1,1,0.77563,0.79004,0
6,81,1,1,0.77902,0.79004,0
6,82,1,1,0.78243,0.79004,0
6,83,1,1,0.78325,0.79798,0
6,84,1,1,0.78574,0.79798,0
6,85,1,1,0.79022,0.79798,0
6,86,1,1,0.79076,0.79798,0
6,87,1,1,0.7923,0.80592,0
6,88,1,1,0.79715,0.80592,0
6,89,1,1,0.79819,0.80592,0
6,90,1,1,0.79868,0.80592,0
6,91,1,1,0.8,0.80592,0
6,92,1,1,0.8037,0.80592,0
6,93,1,1,0.80594,0.81385,0
6,94,1,1,0.806,0.81385,0
6,95,1,1,0.80613,0.81385,0
6,96,1,1,0.80654,0.82179,0
6,97,1,1,0.80777,0.82179,0
6,98,1,1,0.81138,0.82179,0
6,99,1,1,0.81423,0.82179,0
7,0,1,1,0.23796,0.29167,0
7,1,1,1,0.24869,0.3,0
7,2,1,1,0.27534,0.30952,0
7,3,1,1,0.2915,0.32821,0
7,4,1,1,0.30303,0.34167,0
7,5,1,1,0.31357,0.34167,0
7,6,1,1,0.32693,0.35385,0
7,7,1,1,0.33613,0.35913,0
7,8,1,1,0.34385,0.36667,0
7,9,1,1,0.35166,0.36667,0
7,10,1,1,0.35884,0.37807,0
7,11,1,1,0.36481,0.386,0
7,12,1,1,0.37164,0.39394,0
7,13,1,1,0.37919,0.39394,0
7,14,1,1,0.38648,0.41667,0
7,15,1,1,0.39188,0.43333,0
7,16,1,1,0.3969,0.44167,0
7,17,1,1,0.40551,0.44167,0
7,18,1,1,0.41867,0.44167,0
7,19,1,1,0.43077,0.44167,0
7,20,1,1,0.43639,0.45,0
7,21,1,1,0.44217,0.45,0
7,22,1,1,0.44431,0.45833,0
7,23,1,1,0.45065,0.475,0
7,24,1,1,0.45289,0.5,0
7,25,1,1,0.45982,0.50833,0
7,26,1,1,0.46475,0.51667,0
7,27,1,1,0.47358,0.51667,0
7,28,1,1,0.48365,0.51667,0
7,29,1,1,0.49699,0.51667,0
7,30,1,1,0.50477,0.51667,0
7,31,1,1,0.50991,0.525,0
7,32,1,1,0.51315,0.525,0
7,33,1,1,0.5171,0.5359,0
7,34,1,1,0.51834,0.5359,0
7,35,1,1,0.52204,0.53689,0
7,36,1,1,0.52665,0.55833,0
7,37,1,1,0.53074,0.58333,0
7,38,1,1,0.53777,0.59167,0
7,39,1,1,0.54597,0.59167,0
7,40,1,1,0.5535,0.59167,0
7,41,1,1,0.56188,0.59167,0
7,42,1,1,0.57342,0.6,0
7,43,1,1,0.58153,0.6,0
7,44,1,1,0.5872,0.6,0
7,45,1,1,0.59268,0.60833,0
7,46,1,1,0.5949,0.60833,0
7,47,1,1,0.60033,0.60833,0
7,48,1,1,0.60131,0.65833,0
7,49,1,1,0.60437,0.65833,0
7,50,1,1,0.61064,0.65833,0
7,51,1,1,0.61682,0.66667,0
7,52,1,1,0.63688,0.66667,0
7,53,1,1,0.6519,0.66667,0
7,54,1,1,0.65759,0.66667,0
7,55,1,1,0.65963,0.66667,0
7,56,1,1,0.66231,0.675,0
7,57,1,1,0.66686,0.675,0
7,58,1,1,0.6672,0.675,0
7,59,1,1,0.66827,0.675,0
7,60,1,1,0.67088,0.675,0
7,61,1,1,0.67509,0.68333,0
7,62,1,1,0.6754,0.71667,0
7,63,1,1,0.67597,0.71667,0
7,64,1,1,0.67761,0.71667,0
7,65,1,1,0.68238,0.71667,0
7,66,1,1,0.68712,0.71667,0
7,67,1,1,0.6953,0.71667,0
7,68,1,1,0.7125,0.725,0
7,69,1,1,0.71681,0.725,0
7,70,1,1,0.71716,0.725,0
7,71,1,1,0.71801,0.725,0
7,72,1,1,0.7202,0.73333,0
7,73,1,1,0.72505,0.73333,0
7,74,1,1,0.72516,0.73333,0
7,75,1,1,0.72543,0.73333,0
7,76,1,1,0.72598,0.73333,0
7,77,1,1,0.72743,0.74167,0
7,78,1,1,0.73132,0.74167,0
7,79,1,1,0.73363,0.775,0
7,80,1,1,0.73407,0.76667,0
7,81,1,1,0.7353,0.775,0
7,82,1,1,0.73876,0.78333,0
7,83,1,1,0.74476,0.78333,0
7,84,1,1,0.75088,0.78333,0
7,85,1,1,0.75891,0.78333,0
7,86,1,1,0.76973,0.78333,0
7,87,1,1,0.77595,0.79167,0
7,88,1,1,0.78082,0.79167,0
7,89,1,1,0.78352,0.79167,0
7,90,1,1,0.78395,0.79167,0
7,91,1,1,0.78479,0.79167,0
7,92,1,1,0.78685,0.8,0
7,93,1,1,0.79171,0.8,0
7,94,1,1,0.7918,0.8,0
7,95,1,1,0.79197,0.8,0
7,96,1,1,0.7925,0.8,0
7,97,1,1,0.79373,0.8,0
7,98,1,1,0.79621,0.80833,0
7,99,1,1,0.80007,0.80833,0
8,0,1,1,0.23943,0.30833,0
8,1,1,1,0.24999,0.31667,0
8,2,1,1,0.27783,0.31667,0
8,3,1,1,0.29827,0.33333,0
8,4,1,1,0.31168,0.35,0
8,5,1,1,0.32037,0.35,0
8,6,1,1,0.33015,0.36667,0
8,7,1,1,0.34076,0.36667,0
8,8,1,1,0.34938,0.38333,0
8,9,1,1,0.35764,0.38333,0
8,10,1,1,0.36566,0.38333,0
8,11,1,1,0.37135,0.39167,0
8,12,1,1,0.37819,0.39167,0
8,13,1,1,0.38492,0.4,0
8,14,1,1,0.39212,0.40833,0
8,15,1,1,0.39692,0.41667,0
8,16,1,1,0.40261,0.43333,0
8,17,1,1,0.40935,0.44167,0
8,18,1,1,0.414,0.45,0
8,19,1,1,0.42031,0.45,0
8,20,1,1,0.43025,0.45833,0
8,21,1,1,0.4398,0.45833,0
8,22,1,1,0.44731,0.46667,0
8,23,1,1,0.45242,0.46667,0
8,24,1,1,0.45906,0.5,0
8,25,1,1,0.46182,0.5,0
8,26,1,1,0.46799,0.5,0
8,27,1,1,0.47247,0.50833,0
8,28,1,1,0.48196,0.51667,0
8,29,1,1,0.49644,0.525,0
8,30,1,1,0.50224,0.525,0
8,31,1,1,0.50777,0.525,0
8,32,1,1,0.51164,0.525,0
8,33,1,1,0.51786,0.53333,0
8,34,1,1,0.52113,0.54167,0
8,35,1,1,0.52585,0.54167,0
8,36,1,1,0.52818,0.54167,0
8,37,1,1,0.53383,0.55,0
8,38,1,1,0.53508,0.55,0
8,39,1,1,0.53854,0.56603,0
8,40,1,1,0.54254,0.56603,0
8,41,1,1,0.54408,0.55833,0
8,42,1,1,0.54825,0.59167,0
8,43,1,1,0.55074,0.59167,0
8,44,1,1,0.55239,0.6,0
8,45,1,1,0.55671,0.6,0
8,46,1,1,0.56181,0.6,0
8,47,1,1,0.56885,0.6,0
8,48,1,1,0.58284,0.6,0
8,49,1,1,0.59173,0.60833,0
8,50,1,1,0.59417,0.60833,0
8,51,1,1,0.59867,0.61667,0
8,52,1,1,0.60082,0.61667,0
8,53,1,1,0.60229,0.61667,0
8,54,1,1,0.60649,0.61667,0
8,55,1,1,0.60943,0.625,0
8,56,1,1,0.61193,0.625,0
8,57,1,1,0.61708,0.625,0
8,58,1,1,0.61802,0.625,0
8,59,1,1,0.62075,0.63333,0
8,60,1,1,0.62517,0.63333,0
8,61,1,1,0.62557,0.63333,0
8,62,1,1,0.62677,0.63333,0
8,63,1,1,0.62987,0.64167,0
8,64,1,1,0.6334,0.64167,0
8,65,1,1,0.63368,0.64167,0
8,66,1,1,0.63422,0.64167,0
8,67,1,1,0.63586,0.64167,0
8,68,1,1,0.64025,0.65,0
8,69,1,1,0.64177,0.65,0
8,70,1,1,0.64206,0.65833,0
8,71,1,1,0.64269,0.65833,0
8,72,1,1,0.64439,0.65833,0
8,73,1,1,0.64913,0.65833,0
8,74,1,1,0.65117,0.65833,0
8,75,1,1,0.65302,0.65833,0
8,76,1,1,0.65794,0.66667,0
8,77,1,1,0.65849,0.675,0
8,78,1,1,0.65879,0.675,0
8,79,1,1,0.65935,0.675,0
8,80,1,1,0.661,0.675,0
8,81,1,1,0.66534,0.71667,0
8,82,1,1,0.66778,0.71667,0
8,83,1,1,0.66947,0.70833,0
8,84,1,1,0.67409,0.71667,0
8,85,1,1,0.67551,0.71667,0
8,86,1,1,0.67638,0.71667,0
8,87,1,1,0.6789,0.71667,0
8,88,1,1,0.68677,0.71667,0
8,89,1,1,0.70308,0.71667,0
8,90,1,1,0.71058,0.725,0
8,91,1,1,0.71419,0.725,0
8,92,1,1,0.71689,0.73333,0
8,93,1,1,0.71726,0.73333,0
8,94,1,1,0.71817,0.73333,0
8,95,1,1,0.72013,0.73333,0
8,96,1,1,0.72426,0.73333,0
8,97,1,1,0.72568,0.73333,0
8,98,1,1,0.72658,0.73333,0
8,99,1,1,0.72883,0.74167,0
9,0,1,1,0.23906,0.28333,0
9,1,1,1,0.24779,0.29167,0
9,2,1,1,0.27178,0.32051,0
9,3,1,1,0.28896,0.325,0
9,4,1,1,0.30429,0.34055,0
9,5,1,1,0.31971,0.36219,0
9,6,1,1,0.32794,0.36219,0
9,7,1,1,0.33768,0.37807,0
9,8,1,1,0.34917,0.37807,0
9,9,1,1,0.36253,0.386,0
9,10,1,1,0.36887,0.386,0
9,11,1,1,0.37537,0.39394,0
9,12,1,1,0.38099,0.40188,0
9,13,1,1,0.38739,0.4202,0
9,14,1,1,0.39325,0.4202,0
9,15,1,1,0.39962,0.43715,0
9,16,1,1,0.40828,0.44562,0
9,17,1,1,0.41991,0.44562,0
9,18,1,1,0.42902,0.4541,0
9,19,1,1,0.43895,0.47881,0
9,20,1,1,0.44648,0.48729,0
9,21,1,1,0.45382,0.49576,0
9,22,1,1,0.46399,0.50424,0
9,23,1,1,0.48067,0.50424,0
9,24,1,1,0.49024,0.51271,0
9,25,1,1,0.49814,0.51271,0
9,26,1,1,0.50492,0.52119,0
9,27,1,1,0.50788,0.52119,0
9,28,1,1,0.51347,0.5459,0
9,29,1,1,0.51616,0.5459,0
9,30,1,1,0.52219,0.5459,0
9,31,1,1,0.52551,0.55438,0
9,32,1,1,0.53526,0.55438,0
9,33,1,1,0.54321,0.56285,0
9,34,1,1,0.54805,0.56285,0
9,35,1,1,0.55466,0.57133,0
9,36,1,1,0.55603,0.57133,0
9,37,1,1,0.56021,0.5798,0
9,38,1,1,0.56354,0.5798,0
9,39,1,1,0.56561,0.5798,0
9,40,1,1,0.57201,0.5798,0
9,41,1,1,0.57387,0.62147,0
9,42,1,1,0.58029,0.62147,0
9,43,1,1,0.58198,0.62994,0
9,44,1,1,0.58842,0.62994,0
9,45,1,1,0.61204,0.62994,0
9,46,1,1,0.62257,0.62994,0
9,47,1,1,0.62544,0.62994,0
9,48,1,1,0.62996,0.63842,0
9,49,1,1,0.62999,0.63842,0
9,50,1,1,0.63015,0.63842,0
9,51,1,1,0.63066,0.63842,0
9,52,1,1,0.6323,0.64689,0
9,53,1,1,0.63769,0.64689,0
9,54,1,1,0.63863,0.64689,0
9,55,1,1,0.63924,0.64689,0
9,56,1,1,0.6411,0.64689,0
9,57,1,1,0.64697,0.70551,0
9,58,1,1,0.64722,0.70551,0
9,59,1,1,0.64816,0.70551,0
9,60,1,1,0.65224,0.70551,0
9,61,1,1,0.66722,0.70551,0
9,62,1,1,0.697,0.71398,0
9,63,1,1,0.70555,0.71398,0
9,64,1,1,0.70562,0.71398,0
9,65,1,1,0.70585,0.71398,0
9,66,1,1,0.70647,0.71398,0
9,67,1,1,0.70864,0.71398,0
9,68,1,1,0.71403,0.72246,0
9,69,1,1,0.71419,0.72246,0
9,70,1,1,0.71459,0.72246,0
9,71,1,1,0.71586,0.72246,0
9,72,1,1,0.71983,0.73093,0
9,73,1,1,0.72265,0.76412,0
9,74,1,1,0.72314,0.7726,0
9,75,1,1,0.72487,0.7726,0
9,76,1,1,0.73026,0.78107,0
9,77,1,1,0.74102,0.78107,0
9,78,1,1,0.76062,0.78955,0
9,79,1,1,0.76762,0.78955,0
9,80,1,1,0.77413,0.78955,0
9,81,1,1,0.77737,0.79802,0
9,82,1,1,0.78318,0.79802,0
9,83,1,1,0.7869,0.79802,0
9,84,1,1,0.78979,0.79802,0
9,85,1,1,0.79017,0.79802,0
9,86,1,1,0.79115,0.79802,0
9,87,1,1,0.79406,0.79802,0
9,88,1,1,0.79804,0.8065,0
9,89,1,1,0.7981,0.8065,0
9,90,1,1,0.79821,0.8065,0
9,91,1,1,0.79853,0.8065,0
9,92,1,1,0.79953,0.84816,0
9,93,1,1,0.80246,0.84816,0
9,94,1,1,0.80842,0.85664,0
9,95,1,1,0.81297,0.85664,0
9,96,1,1,0.82595,0.85664,0
9,97,1,1,0.84737,0.85664,0
9,98,1,1,0.85009,0.85664,0
9,99,1,1,0.85295,0.85664,0
10,0,1,0,0.23921,0.31282,0
10,1,1,0,0.24974,0.31282,0
10,2,1,0,0.2767,0.325,0
10,3,1,0,0.29761,0.32821,0
10,4,1,0,0.31554,0.35,0
10,5,1,0,0.32374,0.36219,0
10,6,1,0,0.33152,0.36219,0
10,7,1,0,0.33994,0.37013,0
10,8,1,0,0.35087,0.375,0
10,9,1,0,0.36325,0.37807,0
10,10,1,0,0.37077,0.386,0
10,11,1,0,0.37585,0.386,0
10,12,1,0,0.38054,0.39394,0
10,13,1,0,0.38672,0.41558,0
10,14,1,0,0.39022,0.41558,0
10,15,1,0,0.39557,0.42352,0
10,16,1,0,0.4018,0.42352,0
10,17,1,0,0.40861,0.43146,0
10,18,1,0,0.41713,0.43146,0
10,19,1,0,0.42248,0.43146,0
10,20,1,0,0.42568,0.43939,0
10,21,1,0,0.4317,0.44733,0
10,22,1,0,0.43304,0.44733,0
10,23,1,0,0.43817,0.44733,0
10,24,1,0,0.44098,0.45527,0
10,25,1,0,0.44555,0.4632,0
10,26,1,0,0.44838,0.4632,0
10,27,1,0,0.45147,0.4632,0
10,28,1,0,0.45589,0.49008,0
10,29,1,0,0.4575,0.48214,0
10,30,1,0,0.46337,0.48214,0
10,31,1,0,0.46428,0.48214,0
10,32,1,0,0.46728,0.50072,0
10,33,1,0,0.47378,0.50866,0
10,34,1,0,0.48146,0.51659,0
10,35,1,0,0.49162,0.52453,0
10,36,1,0,0.50348,0.52453,0
10,37,1,0,0.51031,0.52453,0
10,38,1,0,0.5149,0.52453,0
10,39,1,0,0.51795,0.53247,0
10,40,1,0,0.5214,0.53247,0
10,41,1,0,0.52509,0.53247,0
10,42,1,0,0.52664,0.5404,0
10,43,1,0,0.53153,0.54834,0
10,44,1,0,0.53308,0.54834,0
10,45,1,0,0.53462,0.54834,0
10,46,1,0,0.53933,0.55628,0
10,47,1,0,0.54173,0.55628,0
10,48,1,0,0.54494,0.55628,0
10,49,1,0,0.54897,0.56421,0
10,50,1,0,0.55043,0.60173,0
10,51,1,0,0.5546,0.60967,0
10,52,1,0,0.55745,0.60967,0
10,53,1,0,0.55957,0.60967,0
10,54,1,0,0.56607,0.60967,0
10,55,1,0,0.57054,0.60967,0
10,56,1,0,0.58581,0.6176,0
10,57,1,0,0.60226,0.62554,0
10,58,1,0,0.60719,0.62554,0
10,59,1,0,0.61001,0.62554,0
10,60,1,0,0.6107,0.62554,0
10,61,1,0,0.61259,0.63348,0
10,62,1,0,0.61814,0.63348,0
10,63,1,0,0.61933,0.63348,0
10,64,1,0,0.62264,0.63348,0
10,65,1,0,0.62579,0.63348,0
10,66,1,0,0.62636,0.63348,0
10,67,1,0,0.62768,0.63348,0
10,68,1,0,0.63122,0.64141,0
10,69,1,0,0.63364,0.64141,0
10,70,1,0,0.63394,0.64141,0
10,71,1,0,0.6348,0.64935,0
10,72,1,0,0.63692,0.64935,0
10,73,1,0,0.6416,0.64935,0
10,74,1,0,0.64196,0.65729,0
10,75,1,0,0.64293,0.65729,0
10,76,1,0,0.64512,0.65729,0
10,77,1,0,0.64976,0.65729,0
10,78,1,0,0.65034,0.65729,0
10,79,1,0,0.65166,0.65729,0
10,80,1,0,0.65479,0.66522,0
10,81,1,0,0.65737,0.66522,0
10,82,1,0,0.65756,0.66522,0
10,83,1,0,0.65799,0.66522,0
10,84,1,0,0.65906,0.67316,0
10,85,1,0,0.66141,0.67316,0
10,86,1,0,0.66538,0.67316,0
10,87,1,0,0.66563,0.67316,0
10,88,1,0,0.66624,0.67316,0
10,89,1,0,0.66758,0.6811,0
10,90,1,0,0.67095,0.6811,0
10,91,1,0,0.67332,0.6811,0
10,92,1,0,0.67358,0.6811,0
10,93,1,0,0.67403,0.6811,0
10,94,1,0,0.67514,0.6811,0
10,95,1,0,0.67787,0.68903,0
10,96,1,0,0.68117,0.68903,0
10,97,1,0,0.6813,0.68903,0
10,98,1,0,0.68166,0.68903,0
10,99,1,0,0.68225,0.68903,0
11,0,1,0,0.23705,0.28333,0
11,1,1,0,0.24683,0.30513,0
11,2,1,0,0.27344,0.325,0
11,3,1,0,0.29015,0.33333,0
11,4,1,0,0.30473,0.3359,0
11,5,1,0,0.31936,0.34359,0
11,6,1,0,0.33003,0.35,0
11,7,1,0,0.33745,0.35833,0
11,8,1,0,0.344,0.36667,0
11,9,1,0,0.35107,0.375,0
11,10,1,0,0.35732,0.38333,0
11,11,1,0,0.36206,0.4,0
11,12,1,0,0.36878,0.4,0
11,13,1,0,0.37622,0.4,0
11,14,1,0,0.38341,0.40833,0
11,15,1,0,0.39472,0.43333,0
11,16,1,0,0.40219,0.43333,0
11,17,1,0,0.41009,0.44167,0
11,18,1,0,0.41771,0.45,0
11,19,1,0,0.42741,0.45,0
11,20,1,0,0.43532,0.45,0
11,21,1,0,0.44282,0.45833,0
11,22,1,0,0.44739,0.46667,0
11,23,1,0,0.45179,0.475,0
11,24,1,0,0.45739,0.48333,0
11,25,1,0,0.46072,0.49167,0
11,26,1,0,0.46786,0.49167,0
11,27,1,0,0.4722,0.49167,0
11,28,1,0,0.47861,0.49167,0
11,29,1,0,0.48538,0.5,0
11,30,1,0,0.49105,0.5,0
11,31,1,0,0.49336,0.50833,0
11,32,1,0,0.49816,0.50833,0
11,33,1,0,0.50209,0.525,0
11,34,1,0,0.50791,0.53333,0
11,35,1,0,0.51096,0.54167,0
11,36,1,0,0.51823,0.55,0
11,37,1,0,0.52342,0.56667,0
11,38,1,0,0.53071,0.56667,0
11,39,1,0,0.53717,0.56667,0
11,40,1,0,0.54444,0.56667,0
11,41,1,0,0.55207,0.575,0
11,42,1,0,0.56102,0.575,0
11,43,1,0,0.56697,0.575,0
11,44,1,0,0.56805,0.575,0
11,45,1,0,0.57106,0.58333,0
11,46,1,0,0.57549,0.59936,0
11,47,1,0,0.577,0.6,0
11,48,1,0,0.58144,0.60769,0
11,49,1,0,0.58553,0.63333,0
11,50,1,0,0.59038,0.63333,0
11,51,1,0,0.59529,0.64167,0
11,52,1,0,0.60171,0.64167,0
11,53,1,0,0.60621,0.64167,0
11,54,1,0,0.61329,0.65,0
11,55,1,0,0.62466,0.65,0
11,56,1,0,0.63512,0.65833,0
11,57,1,0,0.64052,0.65833,0
11,58,1,0,0.64512,0.66667,0
11,59,1,0,0.6508,0.66667,0
11,60,1,0,0.65288,0.66667,0
11,61,1,0,0.65878,0.66667,0
11,62,1,0,0.66083,0.675,0
11,63,1,0,0.66551,0.675,0
11,64,1,0,0.66697,0.675,0
11,65,1,0,0.66757,0.68333,0
11,66,1,0,0.66914,0.68333,0
11,67,1,0,0.67306,0.68333,0
11,68,1,0,0.6756,0.69167,0
11,69,1,0,0.67649,0.69167,0
11,70,1,0,0.67908,0.69167,0
11,71,1,0,0.68367,0.71667,0
11,72,1,0,0.68417,0.71667,0
11,73,1,0,0.68559,0.71667,0
11,74,1,0,0.68869,0.71667,0
11,75,1,0,0.69353,0.71667,0
11,76,1,0,0.69691,0.725,0
11,77,1,0,0.70674,0.725,0
11,78,1,0,0.71505,0.725,0
11,79,1,0,0.7178,0.73333,0
11,80,1,0,0.71967,0.73333,0
11,81,1,0,0.72423,0.73333,0
11,82,1,0,0.72573,0.73333,0
11,83,1,0,0.72706,0.74167,0
11,84,1,0,0.73025,0.74167,0
11,85,1,0,0.73365,0.74167,0
11,86,1,0,0.73418,0.75,0
11,87,1,0,0.73532,0.75,0
11,88,1,0,0.73789,0.75,0
11,89,1,0,0.74194,0.75,0
11,90,1,0,0.74238,0.75,0
11,91,1,0,0.74322,0.75,0
11,92,1,0,0.74543,0.75833,0
11,93,1,0,0.74984,0.75833,0
11,94,1,0,0.75033,0.75833,0
11,95,1,0,0.75069,0.75833,0
11,96,1,0,0.75171,0.76667,0
11,97,1,0,0.75377,0.76667,0
11,98,1,0,0.7584,0.80833,0
11,99,1,0,0.75861,0.80833,0
12,0,1,0,0.23731,0.29167,0
12,1,1,0,0.24712,0.31282,0
12,2,1,0,0.27159,0.31674,0
12,3,1,0,0.28966,0.32051,0
12,4,1,0,0.3062,0.34167,0
12,5,1,0,0.31779,0.35,0
12,6,1,0,0.32618,0.35,0
12,7,1,0,0.33668,0.36219,0
12,8,1,0,0.34536,0.375,0
12,9,1,0,0.35267,0.4,0
12,10,1,0,0.36111,0.4,0
12,11,1,0,0.37144,0.40833,0
12,12,1,0,0.38242,0.41667,0
12,13,1,0,0.39341,0.41667,0
12,14,1,0,0.40178,0.43333,0
12,15,1,0,0.40891,0.43333,0
12,16,1,0,0.41844,0.44167,0
12,17,1,0,0.42567,0.44167,0
12,18,1,0,0.43092,0.45,0
12,19,1,0,0.43608,0.45833,0
12,20,1,0,0.44277,0.46667,0
12,21,1,0,0.44663,0.46667,0
12,22,1,0,0.45252,0.49167,0
12,23,1,0,0.45966,0.49167,0
12,24,1,0,0.46464,0.50833,0
12,25,1,0,0.47127,0.50833,0
12,26,1,0,0.47991,0.50833,0
12,27,1,0,0.48844,0.51667,0
12,28,1,0,0.49706,0.51667,0
12,29,1,0,0.50677,0.525,0
12,30,1,0,0.51021,0.525,0
12,31,1,0,0.5154,0.53333,0
12,32,1,0,0.51893,0.53333,0
12,33,1,0,0.52491,0.54167,0
12,34,1,0,0.52754,0.54167,0
12,35,1,0,0.53353,0.54167,0
12,36,1,0,0.53483,0.55,0
12,37,1,0,0.5386,0.55,0
12,38,1,0,0.54238,0.55833,0
12,39,1,0,0.54421,0.55833,0
12,40,1,0,0.54903,0.55833,0
12,41,1,0,0.55102,0.56667,0
12,42,1,0,0.55309,0.56667,0
12,43,1,0,0.55864,0.56667,0
12,44,1,0,0.55974,0.575,0
12,45,1,0,0.56273,0.575,0
12,46,1,0,0.56735,0.58333,0
12,47,1,0,0.56888,0.60833,0
12,48,1,0,0.57364,0.60833,0
12,49,1,0,0.57615,0.60833,0
12,50,1,0,0.57876,0.60833,0
12,51,1,0,0.58583,0.61667,0
12,52,1,0,0.59117,0.61667,0
12,53,1,0,0.60187,0.61667,0
12,54,1,0,0.60855,0.625,0
12,55,1,0,0.61212,0.625,0
12,56,1,0,0.61706,0.625,0
12,57,1,0,0.61801,0.625,0
12,58,1,0,0.6203,0.63333,0
12,59,1,0,0.62523,0.63333,0
12,60,1,0,0.6257,0.64167,0
12,61,1,0,0.62671,0.64167,0
12,62,1,0,0.62935,0.64167,0
12,63,1,0,0.63354,0.64167,0
12,64,1,0,0.63402,0.64167,0
12,65,1,0,0.63512,0.64167,0
12,66,1,0,0.6379,0.65,0
12,67,1,0,0.64175,0.65,0
12,68,1,0,0.64189,0.65,0
12,69,1,0,0.64217,0.65,0
12,70,1,0,0.64293,0.65833,0
12,71,1,0,0.64453,0.65833,0
12,72,1,0,0.64836,0.65833,0
12,73,1,0,0.65013,0.65833,0
12,74,1,0,0.65034,0.65833,0
12,75,1,0,0.65078,0.65833,0
12,76,1,0,0.65183,0.65833,0
12,77,1,0,0.65457,0.66667,0
12,78,1,0,0.65846,0.675,0
12,79,1,0,0.65863,0.675,0
12,80,1,0,0.65919,0.675,0
12,81,1,0,0.66023,0.675,0
12,82,1,0,0.66281,0.675,0
12,83,1,0,0.66737,0.69167,0
12,84,1,0,0.66814,0.69167,0
12,85,1,0,0.66994,0.70833,0
12,86,1,0,0.67414,0.70833,0
12,87,1,0,0.67649,0.70833,0
12,88,1,0,0.67842,0.71667,0
12,89,1,0,0.68347,0.71667,0
12,90,1,0,0.68972,0.71667,0
12,91,1,0,0.69435,0.71667,0
12,92,1,0,0.69827,0.71667,0
12,93,1,0,0.70372,0.71667,0
12,94,1,0,0.70811,0.71667,0
12,95,1,0,0.71133,0.725,0
12,96,1,0,0.71478,0.725,0
12,97,1,0,0.71674,0.725,0
12,98,1,0,0.71687,0.725,0
12,99,1,0,0.71711,0.725,0
13,0,1,0,0.23743,0.28333,0
13,1,1,0,0.24713,0.3088,0
13,2,1,0,0.27317,0.32468,0
13,3,1,0,0.29133,0.33333,0
13,4,1,0,0.30735,0.35426,0
13,5,1,0,0.32005,0.35507,0
13,6,1,0,0.33022,0.35507,0
13,7,1,0,0.34174,0.37013,0
13,8,1,0,0.35432,0.38333,0
13,9,1,0,0.3591,0.39167,0
13,10,1,0,0.36577,0.4,0
13,11,1,0,0.37503,0.4,0
13,12,1,0,0.38527,0.40188,0
13,13,1,0,0.39359,0.41667,0
13,14,1,0,0.4006,0.41667,0
13,15,1,0,0.40432,0.425,0
13,16,1,0,0.41063,0.475,0
13,17,1,0,0.41779,0.475,0
13,18,1,0,0.42197,0.475,0
13,19,1,0,0.43171,0.475,0
13,20,1,0,0.44993,0.48333,0
13,21,1,0,0.47029,0.48333,0
13,22,1,0,0.47553,0.49167,0
13,23,1,0,0.47738,0.5,0
13,24,1,0,0.48378,0.5,0
13,25,1,0,0.4855,0.5,0
13,26,1,0,0.49115,0.5,0
13,27,1,0,0.49389,0.50833,0
13,28,1,0,0.49966,0.50833,0
13,29,1,0,0.50153,0.51667,0
13,30,1,0,0.50529,0.525,0
13,31,1,0,0.50926,0.525,0
13,32,1,0,0.51217,0.53333,0
13,33,1,0,0.51785,0.53333,0
13,34,1,0,0.52097,0.53333,0
13,35,1,0,0.52578,0.54167,0
13,36,1,0,0.52789,0.54167,0
13,37,1,0,0.53376,0.54167,0
13,38,1,0,0.53498,0.55,0
13,39,1,0,0.53876,0.59167,0
13,40,1,0,0.54206,0.59167,0
13,41,1,0,0.54313,0.58333,0
13,42,1,0,0.5461,0.58333,0
13,43,1,0,0.55229,0.59167,0
13,44,1,0,0.55765,0.59167,0
13,45,1,0,0.57259,0.59167,0
13,46,1,0,0.58217,0.6,0
13,47,1,0,0.5852,0.6,0
13,48,1,0,0.58908,0.6,0
13,49,1,0,0.59253,0.60833,0
13,50,1,0,0.59436,0.60833,0
13,51,1,0,0.59926,0.61667,0
13,52,1,0,0.6012,0.625,0
13,53,1,0,0.60364,0.625,0
13,54,1,0,0.60896,0.625,0
13,55,1,0,0.61066,0.63333,0
13,56,1,0,0.6152,0.63333,0
13,57,1,0,0.61883,0.63333,0
13,58,1,0,0.62295,0.63333,0
13,59,1,0,0.62635,0.63333,0
13,60,1,0,0.62877,0.64167,0
13,61,1,0,0.63341,0.64167,0
13,62,1,0,0.63364,0.64167,0
13,63,1,0,0.63411,0.64167,0
13,64,1,0,0.63532,0.65,0
13,65,1,0,0.63852,0.65,0
13,66,1,0,0.64175,0.65,0
13,67,1,0,0.64195,0.65,0
13,68,1,0,0.64247,0.65,0
13,69,1,0,0.64366,0.69167,0
13,70,1,0,0.64702,0.69167,0
13,71,1,0,0.65091,0.69167,0
13,72,1,0,0.65306,0.69167,0
13,73,1,0,0.65973,0.69167,0
13,74,1,0,0.68019,0.7,0
13,75,1,0,0.68807,0.7,0
13,76,1,0,0.69193,0.7,0
13,77,1,0,0.69239,0.7,0
13,78,1,0,0.69348,0.70833,0
13,79,1,0,0.69605,0.70833,0
13,80,1,0,0.70018,0.70833,0
13,81,1,0,0.70047,0.71667,0
13,82,1,0,0.70122,0.71667,0
13,83,1,0,0.7034,0.71667,0
13,84,1,0,0.70794,0.71667,0
13,85,1,0,0.70923,0.71667,0
13,86,1,0,0.71042,0.71667,0
13,87,1,0,0.71296,0.725,0
13,88,1,0,0.71681,0.725,0
13,89,1,0,0.71701,0.725,0
13,90,1,0,0.71743,0.725,0
13,91,1,0,0.71844,0.725,0
13,92,1,0,0.72064,0.725,0
13,93,1,0,0.72497,0.73333,0
13,94,1,0,0.72511,0.76667,0
13,95,1,0,0.7253,0.775,0
13,96,1,0,0.72587,0.775,0
13,97,1,0,0.72763,0.775,0
13,98,1,0,0.7315,0.775,0
13,99,1,0,0.74241,0.775,0
14,0,1,0,0.23778,0.30513,0
14,1,1,0,0.24852,0.30513,0
14,2,1,0,0.27408,0.31282,0
14,3,1,0,0.29629,0.33385,0
14,4,1,0,0.31142,0.34051,0
14,5,1,0,0.32232,0.34718,0
14,6,1,0,0.33071,0.35,0
14,7,1,0,0.33838,0.35833,0
14,8,1,0,0.34489,0.35833,0
14,9,1,0,0.35116,0.37564,0
14,10,1,0,0.35711,0.39167,0
14,11,1,0,0.36171,0.4,0
14,12,1,0,0.36868,0.4,0
14,13,1,0,0.37703,0.41667,0
14,14,1,0,0.38834,0.425,0
14,15,1,0,0.39718,0.43333,0
14,16,1,0,0.40579,0.43333,0
14,17,1,0,0.4154,0.45,0
14,18,1,0,0.42424,0.45833,0
14,19,1,0,0.43184,0.45833,0
14,20,1,0,0.43943,0.46667,0
14,21,1,0,0.44926,0.46667,0
14,22,1,0,0.45679,0.475,0
14,23,1,0,0.46056,0.475,0
14,24,1,0,0.46692,0.475,0
14,25,1,0,0.46836,0.48333,0
14,26,1,0,0.47323,0.48333,0
14,27,1,0,0.47582,0.49167,0
14,28,1,0,0.47804,0.49167,0
14,29,1,0,0.48379,0.49167,0
14,30,1,0,0.48539,0.5,0
14,31,1,0,0.49042,0.50833,0
14,32,1,0,0.49266,0.50833,0
14,33,1,0,0.49529,0.51667,0
14,34,1,0,0.50057,0.51667,0
14,35,1,0,0.50219,0.51667,0
14,36,1,0,0.50692,0.51667,0
14,37,1,0,0.5092,0.51667,0
14,38,1,0,0.5114,0.525,0
14,39,1,0,0.51683,0.525,0
14,40,1,0,0.51745,0.53333,0
14,41,1,0,0.5192,0.53333,0
14,42,1,0,0.52453,0.54167,0
14,43,1,0,0.5259,0.54167,0
14,44,1,0,0.52792,0.54167,0
14,45,1,0,0.53354,0.54167,0
14,46,1,0,0.53439,0.55,0
14,47,1,0,0.53679,0.55,0
14,48,1,0,0.54205,0.58333,0
14,49,1,0,0.543,0.58333,0
14,50,1,0,0.54583,0.58333,0
14,51,1,0,0.55198,0.59167,0
14,52,1,0,0.55753,0.59167,0
14,53,1,0,0.57373,0.59167,0
14,54,1,0,0.58115,0.59167,0
14,55,1,0,0.58495,0.6,0
14,56,1,0,0.58837,0.6,0
14,57,1,0,0.59219,0.6,0
14,58,1,0,0.59355,0.60833,0
14,59,1,0,0.59718,0.60833,0
14,60,1,0,0.60038,0.60833,0
14,61,1,0,0.60133,0.60833,0
14,62,1,0,0.60403,0.61667,0
14,63,1,0,0.60855,0.65,0
14,64,1,0,0.60909,0.65,0
14,65,1,0,0.61083,0.65833,0
14,66,1,0,0.61545,0.65833,0
14,67,1,0,0.62203,0.65833,0
14,68,1,0,0.63456,0.66667,0
14,69,1,0,0.64705,0.66667,0
14,70,1,0,0.65237,0.66667,0
14,71,1,0,0.65676,0.675,0
14,72,1,0,0.65861,0.675,0
14,73,1,0,0.65919,0.675,0
14,74,1,0,0.66077,0.675,0
14,75,1,0,0.66478,0.68333,0
14,76,1,0,0.66784,0.70833,0
14,77,1,0,0.67016,0.70833,0
14,78,1,0,0.67557,0.70833,0
14,79,1,0,0.67691,0.725,0
14,80,1,0,0.68078,0.725,0
14,81,1,0,0.69261,0.725,0
14,82,1,0,0.70735,0.725,0
14,83,1,0,0.71279,0.725,0
14,84,1,0,0.71872,0.73333,0
14,85,1,0,0.72222,0.73333,0
14,86,1,0,0.72535,0.73333,0
14,87,1,0,0.72603,0.73333,0
14,88,1,0,0.72773,0.74167,0
14,89,1,0,0.73208,0.74167,0
14,90,1,0,0.73363,0.74167,0
14,91,1,0,0.7341,0.74167,0
14,92,1,0,0.73533,0.75,0
14,93,1,0,0.73852,0.75,0
14,94,1,0,0.74174,0.75,0
14,95,1,0,0.74197,0.75,0
14,96,1,0,0.74247,0.75,0
14,97,1,0,0.74361,0.75,0
14,98,1,0,0.74618,0.75833,0
14,99,1,0,0.75001,0.75833,0
15,0,1,0,0.2378,0.28333,0
15,1,1,0,0.2483,0.31667,0
15,2,1,0,0.27443,0.31667,0
15,3,1,0,0.2892,0.32821,0
15,4,1,0,0.30677,0.3359,0
15,5,1,0,0.32086,0.37013,0
15,6,1,0,0.33015,0.37013,0
15,7,1,0,0.33907,0.37807,0
15,8,1,0,0.35076,0.37807,0
15,9,1,0,0.36879,0.386,0
15,10,1,0,0.37606,0.39394,0
15,11,1,0,0.38151,0.39394,0
15,12,1,0,0.38713,0.40188,0
15,13,1,0,0.3921,0.40188,0
15,14,1,0,0.39607,0.40981,0
15,15,1,0,0.40243,0.41775,0
15,16,1,0,0.4053,0.41775,0
15,17,1,0,0.41076,0.41775,0
15,18,1,0,0.41417,0.42569,0
15,19,1,0,0.41844,0.43362,0
15,20,1,0,0.42088,0.43362,0
15,21,1,0,0.42645,0.44156,0
15,22,1,0,0.42927,0.44156,0
15,23,1,0,0.4344,0.44949,0
15,24,1,0,0.43719,0.45743,0
15,25,1,0,0.4422,0.45743,0
15,26,1,0,0.44439,0.45743,0
15,27,1,0,0.45011,0.45743,0
15,28,1,0,0.45191,0.46537,0
15,29,1,0,0.4576,0.46537,0
15,30,1,0,0.4583,0.4733,0
15,31,1,0,0.46053,0.4733,0
15,32,1,0,0.46565,0.4733,0
15,33,1,0,0.46658,0.48124,0
15,34,1,0,0.46967,0.48124,0
15,35,1,0,0.47366,0.48124,0
15,36,1,0,0.47485,0.5267,0
15,37,1,0,0.47871,0.5267,0
15,38,1,0,0.48293,0.53463,0
15,39,1,0,0.48768,0.54257,0
15,40,1,0,0.50337,0.54257,0
15,41,1,0,0.52405,0.54257,0
15,42,1,0,0.52876,0.54257,0
15,43,1,0,0.53338,0.55051,0
15,44,1,0,0.53636,0.55051,0
15,45,1,0,0.5403,0.55051,0
15,46,1,0,0.54304,0.55051,0
15,47,1,0,0.5442,0.55051,0
15,48,1,0,0.54707,0.55844,0
15,49,1,0,0.55065,0.6039,0
15,50,1,0,0.55116,0.6039,0
15,51,1,0,0.55302,0.6039,0
15,52,1,0,0.55906,0.6039,0
15,53,1,0,0.5725,0.6039,0
15,54,1,0,0.59474,0.61183,0
15,55,1,0,0.59992,0.61183,0
15,56,1,0,0.60416,0.61183,0
15,57,1,0,0.60473,0.61977,0
15,58,1,0,0.60628,0.61977,0
15,59,1,0,0.61049,0.61977,0
15,60,1,0,0.61217,0.62771,0
15,61,1,0,0.61275,0.62771,0
15,62,1,0,0.6142,0.62771,0
15,63,1,0,0.61855,0.62771,0
15,64,1,0,0.62051,0.63564,0
15,65,1,0,0.62172,0.63564,0
15,66,1,0,0.62488,0.63564,0
15,67,1,0,0.62794,0.63564,0
15,68,1,0,0.62839,0.6811,0
15,69,1,0,0.62973,0.6811,0
15,70,1,0,0.63354,0.6811,0
15,71,1,0,0.63951,0.6811,0
15,72,1,0,0.64914,0.6811,0
15,73,1,0,0.67251,0.68903,0
15,74,1,0,0.67844,0.68903,0
15,75,1,0,0.68113,0.68903,0
15,76,1,0,0.68124,0.68903,0
15,77,1,0,0.68153,0.68903,0
15,78,1,0,0.68228,0.68903,0
15,79,1,0,0.68418,0.69697,0
15,80,1,0,0.68882,0.69697,0
15,81,1,0,0.6892,0.69697,0
15,82,1,0,0.68947,0.69697,0
15,83,1,0,0.69029,0.69697,0
15,84,1,0,0.69228,0.69697,0
15,85,1,0,0.69698,0.70491,0
15,86,1,0,0.69711,0.70491,0
15,87,1,0,0.69746,0.70491,0
15,88,1,0,0.69822,0.70491,0
15,89,1,0,0.70004,0.71284,0
15,90,1,0,0.70487,0.71284,0
15,91,1,0,0.70502,0.71284,0
15,92,1,0,0.70518,0.71284,0
15,93,1,0,0.70559,0.71284,0
15,94,1,0,0.70653,0.72078,0
15,95,1,0,0.70899,0.71284,0
15,96,1,0,0.71287,0.72078,0
15,97,1,0,0.71297,0.72078,0
15,98,1,0,0.7131,0.72078,0
15,99,1,0,0.71354,0.72078,0
16,0,1,0,0.23796,0.28662,0
16,1,1,0,0.24703,0.29167,0
16,2,1,0,0.27457,0.32051,0
16,3,1,0,0.28968,0.32508,0
16,4,1,0,0.30131,0.32821,0
16,5,1,0,0.31517,0.36219,0
16,6,1,0,0.32438,0.36219,0
16,7,1,0,0.33224,0.37013,0
16,8,1,0,0.34366,0.38409,0
16,9,1,0,0.36063,0.38409,0
16,10,1,0,0.3696,0.39094,0
16,11,1,0,0.37757,0.39094,0
16,12,1,0,0.38524,0.39779,0
16,13,1,0,0.38977,0.40464,0
16,14,1,0,0.39371,0.40464,0
16,15,1,0,0.39874,0.41149,0
16,16,1,0,0.40241,0.41149,0
16,17,1,0,0.406,0.42518,0
16,18,1,0,0.41044,0.42518,0
16,19,1,0,0.41319,0.43203,0
16,20,1,0,0.4186,0.43254,0
16,21,1,0,0.42219,0.43888,0
16,22,1,0,0.42718,0.4568,0
16,23,1,0,0.43248,0.4568,0
16,24,1,0,0.43525,0.46365,0
16,25,1,0,0.44147,0.47734,0
16,26,1,0,0.44919,0.47734,0
16,27,1,0,0.45742,0.48841,0
16,28,1,0,0.46232,0.50211,0
16,29,1,0,0.46878,0.50896,0
16,30,1,0,0.47609,0.51581,0
16,31,1,0,0.48421,0.50896,0
16,32,1,0,0.4949,0.51581,0
16,33,1,0,0.50414,0.51581,0
16,34,1,0,0.50931,0.51581,0
16,35,1,0,0.51064,0.52266,0
16,36,1,0,0.51454,0.52266,0
16,37,1,0,0.51672,0.5295,0
16,38,1,0,0.51883,0.5295,0
16,39,1,0,0.52299,0.5295,0
16,40,1,0,0.52399,0.53635,0
16,41,1,0,0.52678,0.53635,0
16,42,1,0,0.52998,0.5432,0
16,43,1,0,0.53131,0.5432,0
16,44,1,0,0.53481,0.5432,0
16,45,1,0,0.53723,0.55005,0
16,46,1,0,0.53927,0.55005,0
16,47,1,0,0.54343,0.55005,0
16,48,1,0,0.54408,0.5569,0
16,49,1,0,0.54579,0.5569,0
16,50,1,0,0.5503,0.5569,0
16,51,1,0,0.55088,0.5569,0
16,52,1,0,0.55227,0.56375,0
16,53,1,0,0.55594,0.56375,0
16,54,1,0,0.55728,0.56375,0
16,55,1,0,0.55813,0.60221,0
16,56,1,0,0.56012,0.60221,0
16,57,1,0,0.56438,0.60221,0
16,58,1,0,0.56598,0.60221,0
16,59,1,0,0.57077,0.60221,0
16,60,1,0,0.58336,0.60221,0
16,61,1,0,0.59446,0.60906,0
16,62,1,0,0.59835,0.60906,0
16,63,1,0,0.60243,0.61591,0
16,64,1,0,0.60288,0.61591,0
16,65,1,0,0.6041,0.61591,0
16,66,1,0,0.60708,0.61591,0
16,67,1,0,0.60929,0.64752,0
16,68,1,0,0.60963,0.64752,0
16,69,1,0,0.61068,0.64752,0
16,70,1,0,0.61295,0.64752,0
16,71,1,0,0.61835,0.65437,0
16,72,1,0,0.62365,0.65437,0
16,73,1,0,0.63738,0.65437,0
16,74,1,0,0.64556,0.66122,0
16,75,1,0,0.64808,0.66122,0
16,76,1,0,0.64911,0.66122,0
16,77,1,0,0.65144,0.66122,0
16,78,1,0,0.65475,0.66122,0
16,79,1,0,0.65543,0.66807,0
16,80,1,0,0.65693,0.66807,0
16,81,1,0,0.66044,0.66807,0
16,82,1,0,0.66166,0.67492,0
16,83,1,0,0.66246,0.67492,0
16,84,1,0,0.66396,0.67492,0
16,85,1,0,0.66738,0.67492,0
16,86,1,0,0.66839,0.68177,0
16,87,1,0,0.66883,0.68177,0
16,88,1,0,0.66996,0.68177,0
16,89,1,0,0.67244,0.68177,0
16,90,1,0,0.67525,0.72023,0
16,91,1,0,0.67566,0.72023,0
16,92,1,0,0.67655,0.72023,0
16,93,1,0,0.67835,0.72023,0
16,94,1,0,0.68271,0.72023,0
16,95,1,0,0.68394,0.72023,0
16,96,1,0,0.68709,0.72023,0
16,97,1,0,0.69411,0.72708,0
16,98,1,0,0.70748,0.72708,0
16,99,1,0,0.71267,0.72708,0
17,0,1,0,0.23849,0.29538,0
17,1,1,0,0.24872,0.29538,0
17,2,1,0,0.27303,0.31282,0
17,3,1,0,0.2896,0.32051,0
17,4,1,0,0.30096,0.34139,0
17,5,1,0,0.31261,0.35,0
17,6,1,0,0.32401,0.36219,0
17,7,1,0,0.33674,0.36219,0
17,8,1,0,0.34532,0.39167,0
17,9,1,0,0.35485,0.4,0
17,10,1,0,0.36477,0.4,0
17,11,1,0,0.37389,0.4,0
17,12,1,0,0.38504,0.40833,0
17,13,1,0,0.39408,0.40833,0
17,14,1,0,0.4007,0.41667,0
17,15,1,0,0.40351,0.41667,0
17,16,1,0,0.40923,0.425,0
17,17,1,0,0.41215,0.425,0
17,18,1,0,0.41763,0.46667,0
17,19,1,0,0.42062,0.46667,0
17,20,1,0,0.42631,0.46667,0
17,21,1,0,0.43055,0.475,0
17,22,1,0,0.44142,0.475,0
17,23,1,0,0.45638,0.48333,0
17,24,1,0,0.46366,0.48333,0
17,25,1,0,0.46912,0.49167,0
17,26,1,0,0.47537,0.49167,0
17,27,1,0,0.47851,0.51667,0
17,28,1,0,0.48398,0.51667,0
17,29,1,0,0.48629,0.53333,0
17,30,1,0,0.49398,0.53333,0
17,31,1,0,0.49994,0.53333,0
17,32,1,0,0.51565,0.53333,0
17,33,1,0,0.52258,0.54167,0
17,34,1,0,0.52734,0.54167,0
17,35,1,0,0.53305,0.54167,0
17,36,1,0,0.53498,0.55,0
17,37,1,0,0.53906,0.55833,0
17,38,1,0,0.54271,0.55833,0
17,39,1,0,0.54518,0.55833,0
17,40,1,0,0.5508,0.56667,0
17,41,1,0,0.55262,0.56667,0
17,42,1,0,0.55762,0.56667,0
17,43,1,0,0.55969,0.56667,0
17,44,1,0,0.56254,0.575,0
17,45,1,0,0.56698,0.575,0
17,46,1,0,0.56767,0.58333,0
17,47,1,0,0.56962,0.58333,0
17,48,1,0,0.57483,0.58333,0
17,49,1,0,0.57582,0.59167,0
17,50,1,0,0.57755,0.59167,0
17,51,1,0,0.58202,0.60769,0
17,52,1,0,0.58427,0.59936,0
17,53,1,0,0.58595,0.6,0
17,54,1,0,0.59016,0.63333,0
17,55,1,0,0.59266,0.63333,0
17,56,1,0,0.59444,0.63333,0
17,57,1,0,0.59956,0.63333,0
17,58,1,0,0.60788,0.63333,0
17,59,1,0,0.61757,0.63333,0
17,60,1,0,0.62595,0.64167,0
17,61,1,0,0.63023,0.64167,0
17,62,1,0,0.63368,0.64167,0
17,63,1,0,0.6342,0.65,0
17,64,1,0,0.63556,0.65,0
17,65,1,0,0.63877,0.65,0
17,66,1,0,0.64207,0.69167,0
17,67,1,0,0.64282,0.69167,0
17,68,1,0,0.64453,0.69167,0
17,69,1,0,0.64918,0.69167,0
17,70,1,0,0.65546,0.7,0
17,71,1,0,0.66597,0.7,0
17,72,1,0,0.68354,0.7,0
17,73,1,0,0.6891,0.7,0
17,74,1,0,0.69258,0.70833,0
17,75,1,0,0.69373,0.70833,0
17,76,1,0,0.69635,0.70833,0
17,77,1,0,0.70028,0.70833,0
17,78,1,0,0.70077,0.70833,0
17,79,1,0,0.70192,0.70833,0
17,80,1,0,0.70439,0.725,0
17,81,1,0,0.70853,0.725,0
17,82,1,0,0.70889,0.75833,0
17,83,1,0,0.7099,0.75833,0
17,84,1,0,0.71184,0.76667,0
17,85,1,0,0.71609,0.76667,0
17,86,1,0,0.72101,0.76667,0
17,87,1,0,0.72659,0.76667,0
17,88,1,0,0.73709,0.775,0
17,89,1,0,0.75395,0.775,0
17,90,1,0,0.76087,0.775,0
17,91,1,0,0.76377,0.775,0
17,92,1,0,0.76692,0.775,0
17,93,1,0,0.76723,0.775,0
17,94,1,0,0.76795,0.775,0
17,95,1,0,0.76944,0.775,0
17,96,1,0,0.77272,0.78333,0
17,97,1,0,0.77506,0.78333,0
17,98,1,0,0.77512,0.78333,0
17,99,1,0,0.77533,0.78333,0
18,0,1,0,0.23656,0.29167,0
18,1,1,0,0.2461,0.31282,0
18,2,1,0,0.27171,0.31674,0
18,3,1,0,0.29095,0.36219,0
18,4,1,0,0.30796,0.36219,0
18,5,1,0,0.32203,0.37013,0
18,6,1,0,0.33979,0.37807,0
18,7,1,0,0.36091,0.386,0
18,8,1,0,0.36804,0.39971,0
18,9,1,0,0.37344,0.40765,0
18,10,1,0,0.38057,0.40765,0
18,11,1,0,0.38883,0.41558,0
18,12,1,0,0.39939,0.43146,0
18,13,1,0,0.40982,0.43939,0
18,14,1,0,0.41712,0.43939,0
18,15,1,0,0.42328,0.43939,0
18,16,1,0,0.43043,0.44733,0
18,17,1,0,0.43458,0.45527,0
18,18,1,0,0.44013,0.45527,0
18,19,1,0,0.44295,0.45527,0
18,20,1,0,0.44812,0.4632,0
18,21,1,0,0.45091,0.4632,0
18,22,1,0,0.45605,0.4632,0
18,23,1,0,0.45846,0.47114,0
18,24,1,0,0.46362,0.47908,0
18,25,1,0,0.46511,0.48701,0
18,26,1,0,0.47017,0.48701,0
18,27,1,0,0.4727,0.48701,0
18,28,1,0,0.47701,0.49495,0
18,29,1,0,0.48045,0.49495,0
18,30,1,0,0.48414,0.49495,0
18,31,1,0,0.48774,0.49495,0
18,32,1,0,0.48948,0.50289,0
18,33,1,0,0.49504,0.51082,0
18,34,1,0,0.49558,0.51082,0
18,35,1,0,0.4972,0.51082,0
18,36,1,0,0.50227,0.51082,0
18,37,1,0,0.50392,0.51082,0
18,38,1,0,0.50628,0.51876,0
18,39,1,0,0.511,0.51876,0
18,40,1,0,0.51148,0.51876,0
18,41,1,0,0.51307,0.5267,0
18,42,1,0,0.5179,0.5267,0
18,43,1,0,0.51916,0.5267,0
18,44,1,0,0.52019,0.5267,0
18,45,1,0,0.52314,0.53463,0
18,46,1,0,0.52685,0.53463,0
18,47,1,0,0.5273,0.53463,0
18,48,1,0,0.52852,0.54257,0
18,49,1,0,0.53186,0.54257,0
18,50,1,0,0.53486,0.54257,0
18,51,1,0,0.53552,0.55051,0
18,52,1,0,0.53754,0.55051,0
18,53,1,0,0.54295,0.55051,0
18,54,1,0,0.54377,0.55051,0
18,55,1,0,0.54604,0.55844,0
18,56,1,0,0.55061,0.58009,0
18,57,1,0,0.551,0.6039,0
18,58,1,0,0.5524,0.6039,0
18,59,1,0,0.5573,0.6039,0
18,60,1,0,0.56925,0.6039,0
18,61,1,0,0.58428,0.6039,0
18,62,1,0,0.59302,0.6039,0
18,63,1,0,0.5986,0.6039,0
18,64,1,0,0.60325,0.61183,0
18,65,1,0,0.60413,0.61183,0
18,66,1,0,0.60476,0.61977,0
18,67,1,0,0.60658,0.61977,0
18,68,1,0,0.61105,0.61977,0
18,69,1,0,0.61231,0.66522,0
18,70,1,0,0.61338,0.66522,0
18,71,1,0,0.61639,0.66522,0
18,72,1,0,0.62211,0.66522,0
18,73,1,0,0.62777,0.67316,0
18,74,1,0,0.64204,0.6811,0
18,75,1,0,0.66195,0.6811,0
18,76,1,0,0.6673,0.6811,0
18,77,1,0,0.67095,0.6811,0
18,78,1,0,0.67372,0.6811,0
18,79,1,0,0.67476,0.6811,0
18,80,1,0,0.67726,0.68903,0
18,81,1,0,0.68119,0.68903,0
18,82,1,0,0.68144,0.68903,0
18,83,1,0,0.68201,0.68903,0
18,84,1,0,0.68315,0.68903,0
18,85,1,0,0.68604,0.69697,0
18,86,1,0,0.6891,0.69697,0
18,87,1,0,0.68925,0.69697,0
18,88,1,0,0.68964,0.69697,0
18,89,1,0,0.69045,0.69697,0
18,90,1,0,0.69272,0.70491,0
18,91,1,0,0.69704,0.70491,0
18,92,1,0,0.69718,0.70491,0
18,93,1,0,0.69753,0.71284,0
18,94,1,0,0.69832,0.72078,0
18,95,1,0,0.70009,0.72078,0
18,96,1,0,0.70519,0.72078,0
18,97,1,0,0.70607,0.72078,0
18,98,1,0,0.70822,0.72078,0
18,99,1,0,0.7133,0.72078,0
19,0,1,0,0.23768,0.29167,0
19,1,1,0,0.24748,0.3,0
19,2,1,0,0.2745,0.33261,0
19,3,1,0,0.29053,0.33261,0
19,4,1,0,0.30737,0.34055,0
19,5,1,0,0.32562,0.386,0
19,6,1,0,0.33674,0.39394,0
19,7,1,0,0.34746,0.39394,0
19,8,1,0,0.37158,0.40188,0
19,9,1,0,0.38629,0.40188,0
19,10,1,0,0.39277,0.40981,0
19,11,1,0,0.3973,0.40981,0
19,12,1,0,0.40275,0.41775,0
19,13,1,0,0.40657,0.41775,0
19,14,1,0,0.41082,0.42569,0
19,15,1,0,0.41489,0.44733,0
19,16,1,0,0.41914,0.44733,0
19,17,1,0,0.42418,0.45527,0
19,18,1,0,0.42967,0.45527,0
19,19,1,0,0.44015,0.4632,0
19,20,1,0,0.44824,0.4632,0
19,21,1,0,0.45121,0.4632,0
19,22,1,0,0.45619,0.4632,0
19,23,1,0,0.45908,0.47114,0
19,24,1,0,0.46376,0.47114,0
19,25,1,0,0.46578,0.47908,0
19,26,1,0,0.47131,0.47908,0
19,27,1,0,0.47198,0.48701,0
19,28,1,0,0.4742,0.48701,0
19,29,1,0,0.47942,0.49495,0
19,30,1,0,0.48071,0.52453,0
19,31,1,0,0.48503,0.53247,0
19,32,1,0,0.49004,0.5404,0
19,33,1,0,0.49906,0.5404,0
19,34,1,0,0.51833,0.54834,0
19,35,1,0,0.52807,0.54834,0
19,36,1,0,0.53475,0.54834,0
19,37,1,0,0.54044,0.55628,0
19,38,1,0,0.54202,0.55628,0
19,39,1,0,0.54567,0.55628,0
19,40,1,0,0.54903,0.55628,0
19,41,1,0,0.55071,0.56421,0
19,42,1,0,0.55598,0.56421,0
19,43,1,0,0.55696,0.56421,0
19,44,1,0,0.5584,0.57215,0
19,45,1,0,0.56264,0.57215,0
19,46,1,0,0.56445,0.58009,0
19,47,1,0,0.56514,0.58009,0
19,48,1,0,0.56698,0.58009,0
19,49,1,0,0.57224,0.58009,0
19,50,1,0,0.57279,0.58009,0
19,51,1,0,0.57396,0.58802,0
19,52,1,0,0.57771,0.58802,0
19,53,1,0,0.58052,0.58802,0
19,54,1,0,0.5813,0.58802,0
19,55,1,0,0.58347,0.59596,0
19,56,1,0,0.58818,0.62554,0
19,57,1,0,0.58862,0.64141,0
19,58,1,0,0.58988,0.64141,0
19,59,1,0,0.59366,0.64141,0
19,60,1,0,0.60251,0.64141,0
19,61,1,0,0.61696,0.64141,0
19,62,1,0,0.63533,0.64935,0
19,63,1,0,0.64125,0.64935,0
19,64,1,0,0.64174,0.64935,0
19,65,1,0,0.64226,0.64935,0
19,66,1,0,0.64361,0.65729,0
19,67,1,0,0.64688,0.65729,0
19,68,1,0,0.64952,0.65729,0
19,69,1,0,0.6498,0.65729,0
19,70,1,0,0.65056,0.65729,0
19,71,1,0,0.65256,0.66522,0
19,72,1,0,0.65741,0.66522,0
19,73,1,0,0.65764,0.67316,0
19,74,1,0,0.65808,0.67316,0
19,75,1,0,0.65913,0.67316,0
19,76,1,0,0.66195,0.67316,0
19,77,1,0,0.66551,0.67316,0
19,78,1,0,0.66603,0.67316,0
19,79,1,0,0.66718,0.67316,0
19,80,1,0,0.67006,0.67316,0
19,81,1,0,0.67321,0.6811,0
19,82,1,0,0.6733,0.6811,0
19,83,1,0,0.6736,0.6811,0
19,84,1,0,0.67405,0.6811,0
19,85,1,0,0.67535,0.6811,0
19,86,1,0,0.67817,0.6811,0
19,87,1,0,0.68111,0.68903,0
19,88,1,0,0.68116,0.68903,0
19,89,1,0,0.68127,0.68903,0
19,90,1,0,0.6815,0.68903,0
19,91,1,0,0.68208,0.68903,0
19,92,1,0,0.68367,0.69697,0
19,93,1,0,0.68718,0.69697,0
19,94,1,0,0.6891,0.69697,0
19,95,1,0,0.68922,0.69697,0
19,96,1,0,0.68947,0.69697,0
19,97,1,0,0.69017,0.69697,0
19,98,1,0,0.69133,0.70491,0
19,99,1,0,0.69427,0.70491,0